id,title,author,genre,publication_year,plot
1,The Whispering Shadows,Alice Johnson,Mystery,2021,A detective unravels a series of murders linked to an ancient curse in a small coastal town.
2,Galactic Dawn,Brian Smith,Science Fiction,2022,Humanity's first interstellar voyage leads to the discovery of an alien civilization on the brink of extinction.
3,Echoes of the Past,Catherine Lee,Historical Fiction,2020,A young woman in 1920s New York uncovers her family's hidden past during the American Revolution.
4,The Enchanted Forest,David Brown,Fantasy,2023,A group of children stumble upon a magical forest where mythical creatures roam and ancient magic is reawakened.
5,Silent Screams,Emma White,Thriller,2019,"A serial killer targets victims based on their deepest fears, leaving a trail of cryptic clues for the police."
6,Beyond the Stars,Frank Miller,Science Fiction,2021,Astronauts on a mission to colonize Mars encounter an extraterrestrial entity that challenges their understanding of life.
7,The Lost Kingdom,Grace Clark,Fantasy,2022,"A prophecy foretells the return of a lost kingdom, and a young hero must embark on a quest to restore it."
8,Shadows of War,Henry Davis,Historical Fiction,2020,A soldier's journey through the horrors of World War II and his struggle to find redemption.
9,The Haunted Mansion,Irene Green,Horror,2023,"A family moves into an old mansion with a dark past, unleashing supernatural forces that threaten their lives."
10,The Time Traveler's Dilemma,Jack Wilson,Science Fiction,2019,A time traveler must navigate the paradoxes of his actions to prevent a catastrophic future.
11,The Secret Garden,Jane Austin,Romance,2021,"A young gardener falls in love with the daughter of a wealthy landowner, but their love is forbidden by societal norms."
12,The Mystery of the Lighthouse,John Black,Mystery,2022,A lighthouse keeper's mysterious disappearance leads to the uncovering of a hidden treasure and a century-old secret.
13,The Dragon's Lair,Karen White,Fantasy,2020,A young dragon rider must face the ultimate test to prove her worth and save her kingdom from destruction.
14,The Forgotten City,Laura Brown,Adventure,2023,"An archaeologist discovers an ancient city hidden deep in the Amazon rainforest, guarded by deadly traps and curses."
15,The Phantom's Curse,Linda Green,Horror,2019,"A phantom haunts an opera house, seeking revenge on those who wronged him in life."
16,The Space Odyssey,Michael Smith,Science Fiction,2021,"A spaceship crew embarks on a journey to the edge of the universe, encountering cosmic wonders and dangers."
17,The Enchanted Mirror,Nancy Clark,Fantasy,2022,"A magical mirror reveals parallel worlds, and a young girl must navigate them to save her family."
18,The Battle of the Titans,Oliver Davis,Historical Fiction,2020,"A epic tale of the clash between ancient Greek gods and titans, told through the eyes of a mortal hero."
19,The Haunted Asylum,Patricia White,Horror,2023,"An abandoned asylum holds dark secrets, and a group of friends must survive the night within its haunted walls."
20,The Time Machine,Paul Wilson,Science Fiction,2019,"A scientist invents a time machine and travels to the future, discovering a world vastly different from his own."
21,The Hidden Treasure,Rachel Austin,Adventure,2021,"A treasure hunter searches for a legendary pirate's treasure, facing dangerous rivals and ancient curses."
22,The Mystery of the Manor,Richard Black,Mystery,2022,A series of unexplained events in an old manor house lead to the uncovering of a family secret.
23,The Dragon's Quest,Sandra White,Fantasy,2020,"A young dragon embarks on a quest to find the lost dragon stone, the key to restoring balance to the world."
24,The Lost City,Sarah Brown,Adventure,2023,"An explorer discovers a lost city in the heart of the jungle, guarded by ancient traps and mythical creatures."
25,The Phantom's Revenge,Susan Green,Horror,2019,"A phantom seeks vengeance on those who betrayed him, haunting their dreams and driving them to madness."
26,The Galactic War,Thomas Smith,Science Fiction,2021,A interstellar war between alien civilizations threatens the existence of humanity.
27,The Enchanted Forest,Tina Clark,Fantasy,2022,A group of children enter a magical forest where they must solve riddles and face mythical creatures to find their way home.
28,The Battle of the Gods,Tony Davis,Historical Fiction,2020,"Ancient gods clash in a battle for supremacy, with mortals caught in the crossfire."
29,The Haunted Castle,Victoria White,Horror,2023,"A castle with a dark past is haunted by the spirits of its former inhabitants, seeking revenge on the living."
30,The Time Traveler's Journey,Vincent Wilson,Science Fiction,2019,"A time traveler journeys through different eras, witnessing historical events and altering the course of history."
31,The Secret Garden,Wendy Austin,Romance,2021,A young woman discovers a hidden garden that holds the key to her family's past and her own future.
32,The Mystery of the Mansion,William Black,Mystery,2022,A series of mysterious events in an old mansion lead to the uncovering of a hidden treasure and a family secret.
33,The Dragon's Flight,Yvonne White,Fantasy,2020,A young dragon rider must embark on a perilous journey to save her kingdom from a dark sorcerer.
34,The Lost Temple,Zara Brown,Adventure,2023,"An adventurer discovers a lost temple deep in the jungle, guarded by ancient traps and curses."
35,The Phantom's Lament,Zoe Green,Horror,2019,"A phantom haunts a theater, seeking revenge on those who wronged him in life."
36,The Galactic Odyssey,Aaron Smith,Science Fiction,2021,"A spaceship crew embarks on a journey to the edge of the universe, encountering cosmic wonders and dangers."
37,The Enchanted Lake,Bella Clark,Fantasy,2022,"A magical lake holds the key to a hidden world, and a young girl must navigate its depths to save her family."
38,The Battle of the Heroes,Ben Davis,Historical Fiction,2020,"Ancient heroes clash in a battle for glory, with mortals caught in the crossfire."
39,The Haunted House,Carla White,Horror,2023,"A house with a dark past is haunted by the spirits of its former inhabitants, seeking revenge on the living."
40,The Time Traveler's Quest,Charles Wilson,Science Fiction,2019,A time traveler must navigate the paradoxes of his actions to prevent a catastrophic future.
41,The Secret Island,Diana Austin,Romance,2021,A young woman discovers a hidden island that holds the key to her family's past and her own future.
42,The Mystery of the Museum,Douglas Black,Mystery,2022,A series of mysterious events in an old museum lead to the uncovering of a hidden treasure and a family secret.
43,The Dragon's Wrath,Ella White,Fantasy,2020,A young dragon rider must face the ultimate test to prove her worth and save her kingdom from destruction.
44,The Lost Ruins,Eva Brown,Adventure,2023,"An explorer discovers lost ruins deep in the jungle, guarded by ancient traps and mythical creatures."
45,The Phantom's Tale,Fiona Green,Horror,2019,"A phantom haunts a mansion, seeking revenge on those who wronged him in life."
46,The Galactic Adventure,Frank Smith,Science Fiction,2021,"A spaceship crew embarks on a journey to the edge of the universe, encountering cosmic wonders and dangers."
47,The Enchanted Valley,Gina Clark,Fantasy,2022,"A magical valley holds the key to a hidden world, and a young girl must navigate its depths to save her family."
48,The Battle of the Kings,Greg Davis,Historical Fiction,2020,"Ancient kings clash in a battle for supremacy, with mortals caught in the crossfire."
49,The Haunted Village,Hannah White,Horror,2023,"A village with a dark past is haunted by the spirits of its former inhabitants, seeking revenge on the living."
50,The Time Traveler's Mission,Harold Wilson,Science Fiction,2019,A time traveler must navigate the paradoxes of his actions to prevent a catastrophic future.
51,The Secret Cove,Helen Austin,Romance,2021,A young woman discovers a hidden cove that holds the key to her family's past and her own future.
52,The Mystery of the Library,Henry Black,Mystery,2022,A series of mysterious events in an old library lead to the uncovering of a hidden treasure and a family secret.
53,The Dragon's Fury,Irene White,Fantasy,2020,A young dragon rider must face the ultimate test to prove her worth and save her kingdom from destruction.
54,The Lost Sanctuary,Isabella Brown,Adventure,2023,"An adventurer discovers a lost sanctuary deep in the jungle, guarded by ancient traps and curses."
55,The Phantom's Song,Jane Green,Horror,2019,"A phantom haunts a concert hall, seeking revenge on those who wronged him in life."
56,The Galactic Expedition,Jason Smith,Science Fiction,2021,"A spaceship crew embarks on a journey to the edge of the universe, encountering cosmic wonders and dangers."
57,The Enchanted Mountain,Jessica Clark,Fantasy,2022,"A magical mountain holds the key to a hidden world, and a young girl must navigate its depths to save her family."
58,The Battle of the Warriors,John Davis,Historical Fiction,2020,"Ancient warriors clash in a battle for glory, with mortals caught in the crossfire."
59,The Haunted Forest,Julia White,Horror,2023,"A forest with a dark past is haunted by the spirits of its former inhabitants, seeking revenge on the living."
60,The Time Traveler's Odyssey,Justin Wilson,Science Fiction,2019,A time traveler must navigate the paradoxes of his actions to prevent a catastrophic future.
61,The Secret Beach,Karen Austin,Romance,2021,A young woman discovers a hidden beach that holds the key to her family's past and her own future.
62,The Mystery of the Attic,Kevin Black,Mystery,2022,A series of mysterious events in an old attic lead to the uncovering of a hidden treasure and a family secret.
63,The Dragon's Rage,Kim White,Fantasy,2020,A young dragon rider must face the ultimate test to prove her worth and save her kingdom from destruction.
64,The Lost Oasis,Kristen Brown,Adventure,2023,"An explorer discovers a lost oasis deep in the desert, guarded by ancient traps and curses."
65,The Phantom's Dance,Laura Green,Horror,2019,"A phantom haunts a dance hall, seeking revenge on those who wronged him in life."
66,The Galactic Voyage,Liam Smith,Science Fiction,2021,"A spaceship crew embarks on a journey to the edge of the universe, encountering cosmic wonders and dangers."
67,The Enchanted Cave,Linda Clark,Fantasy,2022,"A magical cave holds the key to a hidden world, and a young girl must navigate its depths to save her family."
68,The Battle of the Champions,Luke Davis,Historical Fiction,2020,"Ancient champions clash in a battle for glory, with mortals caught in the crossfire."
69,The Haunted Mansion,Lydia White,Horror,2023,"A mansion with a dark past is haunted by the spirits of its former inhabitants, seeking revenge on the living."
70,The Time Traveler's Saga,Marcus Wilson,Science Fiction,2019,A time traveler must navigate the paradoxes of his actions to prevent a catastrophic future.
71,The Secret Grove,Maria Austin,Romance,2021,A young woman discovers a hidden grove that holds the key to her family's past and her own future.
72,The Mystery of the Basement,Mark Black,Mystery,2022,A series of mysterious events in an old basement lead to the uncovering of a hidden treasure and a family secret.
73,The Dragon's Roar,Megan White,Fantasy,2020,A young dragon rider must face the ultimate test to prove her worth and save her kingdom from destruction.
74,The Lost Paradise,Melissa Brown,Adventure,2023,"An explorer discovers a lost paradise deep in the jungle, guarded by ancient traps and mythical creatures."
75,The Phantom's Melody,Michael Green,Horror,2019,"A phantom haunts a music hall, seeking revenge on those who wronged him in life."
76,The Galactic Journey,Mike Smith,Science Fiction,2021,"A spaceship crew embarks on a journey to the edge of the universe, encountering cosmic wonders and dangers."
77,The Enchanted River,Molly Clark,Fantasy,2022,"A magical river holds the key to a hidden world, and a young girl must navigate its depths to save her family."
78,The Battle of the Heroes,Nathan Davis,Historical Fiction,2020,"Ancient heroes clash in a battle for glory, with mortals caught in the crossfire."
79,The Haunted Cemetery,Nicole White,Horror,2023,"A cemetery with a dark past is haunted by the spirits of its former inhabitants, seeking revenge on the living."
80,The Time Traveler's Chronicle,Noah Wilson,Science Fiction,2019,A time traveler must navigate the paradoxes of his actions to prevent a catastrophic future.
81,The Secret Lagoon,Olivia Austin,Romance,2021,A young woman discovers a hidden lagoon that holds the key to her family's past and her own future.
82,The Mystery of the Cellar,Owen Black,Mystery,2022,A series of mysterious events in an old cellar lead to the uncovering of a hidden treasure and a family secret.
83,The Dragon's Cry,Pamela White,Fantasy,2020,A young dragon rider must face the ultimate test to prove her worth and save her kingdom from destruction.
84,The Lost Sanctum,Patricia Brown,Adventure,2023,"An explorer discovers a lost sanctum deep in the jungle, guarded by ancient traps and curses."
85,The Phantom's Symphony,Paul Green,Horror,2019,"A phantom haunts a symphony hall, seeking revenge on those who wronged him in life."
86,The Galactic Quest,Peter Smith,Science Fiction,2021,"A spaceship crew embarks on a journey to the edge of the universe, encountering cosmic wonders and dangers."
87,The Enchanted Woods,Rebecca Clark,Fantasy,2022,"A magical woods holds the key to a hidden world, and a young girl must navigate its depths to save her family."
88,The Battle of the Legends,Richard Davis,Historical Fiction,2020,"Ancient legends clash in a battle for glory, with mortals caught in the crossfire."
89,The Haunted Manor,Rita White,Horror,2023,"A manor with a dark past is haunted by the spirits of its former inhabitants, seeking revenge on the living."
90,The Time Traveler's Epic,Robert Wilson,Science Fiction,2019,A time traveler must navigate the paradoxes of his actions to prevent a catastrophic future.
91,The Secret Haven,Rose Austin,Romance,2021,A young woman discovers a hidden haven that holds the key to her family's past and her own future.
92,The Mystery of the Garage,Ryan Black,Mystery,2022,A series of mysterious events in an old garage lead to the uncovering of a hidden treasure and a family secret.
93,The Dragon's Howl,Sandra White,Fantasy,2020,A young dragon rider must face the ultimate test to prove her worth and save her kingdom from destruction.
94,The Lost Shrine,Sara Brown,Adventure,2023,"An explorer discovers a lost shrine deep in the jungle, guarded by ancient traps and curses."
95,The Phantom's Requiem,Scott Green,Horror,2019,"A phantom haunts a cathedral, seeking revenge on those who wronged him in life."
96,The Galactic Mission,Sean Smith,Science Fiction,2021,"A spaceship crew embarks on a journey to the edge of the universe, encountering cosmic wonders and dangers."
97,The Enchanted Meadow,Sophia Clark,Fantasy,2022,"A magical meadow holds the key to a hidden world, and a young girl must navigate its depths to save her family."
98,The Battle of the Titans,Steve Davis,Historical Fiction,2020,"Ancient titans clash in a battle for supremacy, with mortals caught in the crossfire."
99,The Haunted Chapel,Susan White,Horror,2023,"A chapel with a dark past is haunted by the spirits of its former inhabitants, seeking revenge on the living."
100,The Time Traveler's Adventure,Thomas Wilson,Science Fiction,2019,A time traveler must navigate the paradoxes of his actions to prevent a catastrophic future.
101,The Secret Oasis,Tina Austin,Romance,2021,A young woman discovers a hidden oasis that holds the key to her family's past and her own future.
102,The Mystery of the Shed,Tony Black,Mystery,2022,A series of mysterious events in an old shed lead to the uncovering of a hidden treasure and a family secret.
103,The Dragon's Scream,Tracy White,Fantasy,2020,A young dragon rider must face the ultimate test to prove her worth and save her kingdom from destruction.
104,The Lost Temple,Trevor Brown,Adventure,2023,"An explorer discovers a lost temple deep in the jungle, guarded by ancient traps and curses."
105,The Phantom's Lullaby,Victor Green,Horror,2019,"A phantom haunts a nursery, seeking revenge on those who wronged him in life."
106,The Galactic Odyssey,Vincent Smith,Science Fiction,2021,"A spaceship crew embarks on a journey to the edge of the universe, encountering cosmic wonders and dangers."
107,The Enchanted Glade,Violet Clark,Fantasy,2022,"A magical glade holds the key to a hidden world, and a young girl must navigate its depths to save her family."
108,The Battle of the Gods,Walter Davis,Historical Fiction,2020,"Ancient gods clash in a battle for supremacy, with mortals caught in the crossfire."
109,The Haunted Abbey,Wendy White,Horror,2023,"An abbey with a dark past is haunted by the spirits of its former inhabitants, seeking revenge on the living."
110,The Time Traveler's Journey,William Wilson,Science Fiction,2019,A time traveler must navigate the paradoxes of his actions to prevent a catastrophic future.
111,The Secret Sanctuary,Yvonne Austin,Romance,2021,A young woman discovers a hidden sanctuary that holds the key to her family's past and her own future.
112,The Mystery of the Barn,Zachary Black,Mystery,2022,A series of mysterious events in an old barn lead to the uncovering of a hidden treasure and a family secret.
113,The Dragon's Roar,Zara White,Fantasy,2020,A young dragon rider must face the ultimate test to prove her worth and save her kingdom from destruction.
114,The Lost Ruins,Zoe Brown,Adventure,2023,"An explorer discovers lost ruins deep in the jungle, guarded by ancient traps and mythical creatures."
115,The Phantom's Lament,Zach Green,Horror,2019,"A phantom haunts a theater, seeking revenge on those who wronged him in life."
116,The Galactic Adventure,Aaron Smith,Science Fiction,2021,"A spaceship crew embarks on a journey to the edge of the universe, encountering cosmic wonders and dangers."
117,The Enchanted Lake,Bella Clark,Fantasy,2022,"A magical lake holds the key to a hidden world, and a young girl must navigate its depths to save her family."
118,The Battle of the Heroes,Ben Davis,Historical Fiction,2020,"Ancient heroes clash in a battle for glory, with mortals caught in the crossfire."
119,The Haunted House,Carla White,Horror,2023,"A house with a dark past is haunted by the spirits of its former inhabitants, seeking revenge on the living."
120,The Time Traveler's Quest,Charles Wilson,Science Fiction,2019,A time traveler must navigate the paradoxes of his actions to prevent a catastrophic future.
121,The Secret Island,Diana Austin,Romance,2021,A young woman discovers a hidden island that holds the key to her family's past and her own future.
122,The Mystery of the Museum,Douglas Black,Mystery,2022,A series of mysterious events in an old museum lead to the uncovering of a hidden treasure and a family secret.
123,The Dragon's Wrath,Ella White,Fantasy,2020,A young dragon rider must face the ultimate test to prove her worth and save her kingdom from destruction.
124,The Lost Ruins,Eva Brown,Adventure,2023,"An explorer discovers lost ruins deep in the jungle, guarded by ancient traps and mythical creatures."
125,The Phantom's Tale,Fiona Green,Horror,2019,"A phantom haunts a mansion, seeking revenge on those who wronged him in life."
126,The Galactic Adventure,Frank Smith,Science Fiction,2021,"A spaceship crew embarks on a journey to the edge of the universe, encountering cosmic wonders and dangers."
127,The Enchanted Valley,Gina Clark,Fantasy,2022,"A magical valley holds the key to a hidden world, and a young girl must navigate its depths to save her family."
128,The Battle of the Kings,Greg Davis,Historical Fiction,2020,"Ancient kings clash in a battle for supremacy, with mortals caught in the crossfire."
129,The Haunted Village,Hannah White,Horror,2023,"A village with a dark past is haunted by the spirits of its former inhabitants, seeking revenge on the living."
130,The Time Traveler's Mission,Harold Wilson,Science Fiction,2019,A time traveler must navigate the paradoxes of his actions to prevent a catastrophic future.
131,The Secret Cove,Helen Austin,Romance,2021,A young woman discovers a hidden cove that holds the key to her family's past and her own future.
132,The Mystery of the Library,Henry Black,Mystery,2022,A series of mysterious events in an old library lead to the uncovering of a hidden treasure and a family secret.
133,The Dragon's Fury,Irene White,Fantasy,2020,A young dragon rider must face the ultimate test to prove her worth and save her kingdom from destruction.
134,The Lost Sanctuary,Isabella Brown,Adventure,2023,"An adventurer discovers a lost sanctuary deep in the jungle, guarded by ancient traps and curses."
135,The Phantom's Song,Jane Green,Horror,2019,"A phantom haunts a concert hall, seeking revenge on those who wronged him in life."
136,The Galactic Expedition,Jason Smith,Science Fiction,2021,"A spaceship crew embarks on a journey to the edge of the universe, encountering cosmic wonders and dangers."
137,The Enchanted Mountain,Jessica Clark,Fantasy,2022,"A magical mountain holds the key to a hidden world, and a young girl must navigate its depths to save her family."
138,The Battle of the Warriors,John Davis,Historical Fiction,2020,"Ancient warriors clash in a battle for glory, with mortals caught in the crossfire."
139,The Haunted Forest,Julia White,Horror,2023,"A forest with a dark past is haunted by the spirits of its former inhabitants, seeking revenge on the living."
140,The Time Traveler's Odyssey,Justin Wilson,Science Fiction,2019,A time traveler must navigate the paradoxes of his actions to prevent a catastrophic future.
141,The Secret Beach,Karen Austin,Romance,2021,A young woman discovers a hidden beach that holds the key to her family's past and her own future.
142,The Mystery of the Attic,Kevin Black,Mystery,2022,A series of mysterious events in an old attic lead to the uncovering of a hidden treasure and a family secret.
143,The Dragon's Rage,Kim White,Fantasy,2020,A young dragon rider must face the ultimate test to prove her worth and save her kingdom from destruction.
144,The Lost Oasis,Kristen Brown,Adventure,2023,"An explorer discovers a lost oasis deep in the desert, guarded by ancient traps and curses."
145,The Phantom's Dance,Laura Green,Horror,2019,"A phantom haunts a dance hall, seeking revenge on those who wronged him in life."
146,The Galactic Voyage,Liam Smith,Science Fiction,2021,"A spaceship crew embarks on a journey to the edge of the universe, encountering cosmic wonders and dangers."
147,The Enchanted Cave,Linda Clark,Fantasy,2022,"A magical cave holds the key to a hidden world, and a young girl must navigate its depths to save her family."
148,The Battle of the Champions,Luke Davis,Historical Fiction,2020,"Ancient champions clash in a battle for glory, with mortals caught in the crossfire."
149,The Haunted Mansion,Lydia White,Horror,2023,"A mansion with a dark past is haunted by the spirits of its former inhabitants, seeking revenge on the living."
150,The Time Traveler's Saga,Marcus Wilson,Science Fiction,2019,A time traveler must navigate the paradoxes of his actions to prevent a catastrophic future.
151,The Secret Grove,Maria Austin,Romance,2021,A young woman discovers a hidden grove that holds the key to her family's past and her own future.
152,The Mystery of the Basement,Mark Black,Mystery,2022,A series of mysterious events in an old basement lead to the uncovering of a hidden treasure and a family secret.
153,The Dragon's Roar,Megan White,Fantasy,2020,A young dragon rider must face the ultimate test to prove her worth and save her kingdom from destruction.
154,The Lost Paradise,Melissa Brown,Adventure,2023,"An explorer discovers a lost paradise deep in the jungle, guarded by ancient traps and mythical creatures."
155,The Phantom's Melody,Michael Green,Horror,2019,"A phantom haunts a music hall, seeking revenge on those who wronged him in life."
156,The Galactic Journey,Mike Smith,Science Fiction,2021,"A spaceship crew embarks on a journey to the edge of the universe, encountering cosmic wonders and dangers."
157,The Enchanted River,Molly Clark,Fantasy,2022,"A magical river holds the key to a hidden world, and a young girl must navigate its depths to save her family."
158,The Battle of the Heroes,Nathan Davis,Historical Fiction,2020,"Ancient heroes clash in a battle for glory, with mortals caught in the crossfire."
159,The Haunted Cemetery,Nicole White,Horror,2023,"A cemetery with a dark past is haunted by the spirits of its former inhabitants, seeking revenge on the living."
160,The Time Traveler's Chronicle,Noah Wilson,Science Fiction,2019,A time traveler must navigate the paradoxes of his actions to prevent a catastrophic future.
161,The Secret Lagoon,Olivia Austin,Romance,2021,A young woman discovers a hidden lagoon that holds the key to her family's past and her own future.
162,The Mystery of the Cellar,Owen Black,Mystery,2022,A series of mysterious events in an old cellar lead to the uncovering of a hidden treasure and a family secret.
163,The Dragon's Cry,Pamela White,Fantasy,2020,A young dragon rider must face the ultimate test to prove her worth and save her kingdom from destruction.
164,The Lost Sanctum,Patricia Brown,Adventure,2023,"An explorer discovers a lost sanctum deep in the jungle, guarded by ancient traps and curses."
165,The Phantom's Symphony,Paul Green,Horror,2019,"A phantom haunts a symphony hall, seeking revenge on those who wronged him in life."
166,The Galactic Quest,Peter Smith,Science Fiction,2021,"A spaceship crew embarks on a journey to the edge of the universe, encountering cosmic wonders and dangers."
167,The Enchanted Woods,Rebecca Clark,Fantasy,2022,"A magical woods holds the key to a hidden world, and a young girl must navigate its depths to save her family."
168,The Battle of the Legends,Richard Davis,Historical Fiction,2020,"Ancient legends clash in a battle for glory, with mortals caught in the crossfire."
169,The Haunted Manor,Rita White,Horror,2023,"A manor with a dark past is haunted by the spirits of its former inhabitants, seeking revenge on the living."
170,The Time Traveler's Epic,Robert Wilson,Science Fiction,2019,A time traveler must navigate the paradoxes of his actions to prevent a catastrophic future.
171,The Secret Haven,Rose Austin,Romance,2021,A young woman discovers a hidden haven that holds the key to her family's past and her own future.
172,The Mystery of the Garage,Ryan Black,Mystery,2022,A series of mysterious events in an old garage lead to the uncovering of a hidden treasure and a family secret.
173,The Dragon's Howl,Sandra White,Fantasy,2020,A young dragon rider must face the ultimate test to prove her worth and save her kingdom from destruction.
174,The Lost Shrine,Sara Brown,Adventure,2023,"An explorer discovers a lost shrine deep in the jungle, guarded by ancient traps and curses."
175,The Phantom's Requiem,Scott Green,Horror,2019,"A phantom haunts a cathedral, seeking revenge on those who wronged him in life."
176,The Galactic Mission,Sean Smith,Science Fiction,2021,"A spaceship crew embarks on a journey to the edge of the universe, encountering cosmic wonders and dangers."
177,The Enchanted Meadow,Sophia Clark,Fantasy,2022,"A magical meadow holds the key to a hidden world, and a young girl must navigate its depths to save her family."
178,The Battle of the Titans,Steve Davis,Historical Fiction,2020,"Ancient titans clash in a battle for supremacy, with mortals caught in the crossfire."
179,The Haunted Chapel,Susan White,Horror,2023,"A chapel with a dark past is haunted by the spirits of its former inhabitants, seeking revenge on the living."
180,The Time Traveler's Adventure,Thomas Wilson,Science Fiction,2019,A time traveler must navigate the paradoxes of his actions to prevent a catastrophic future.
181,The Secret Oasis,Tina Austin,Romance,2021,A young woman discovers a hidden oasis that holds the key to her family's past and her own future.
182,The Mystery of the Shed,Tony Black,Mystery,2022,A series of mysterious events in an old shed lead to the uncovering of a hidden treasure and a family secret.
183,The Dragon's Scream,Tracy White,Fantasy,2020,A young dragon rider must face the ultimate test to prove her worth and save her kingdom from destruction.
184,The Lost Temple,Trevor Brown,Adventure,2023,"An explorer discovers a lost temple deep in the jungle, guarded by ancient traps and curses."
185,The Phantom's Lullaby,Victor Green,Horror,2019,"A phantom haunts a nursery, seeking revenge on those who wronged him in life."
186,The Galactic Odyssey,Vincent Smith,Science Fiction,2021,"A spaceship crew embarks on a journey to the edge of the universe, encountering cosmic wonders and dangers."
187,The Enchanted Glade,Violet Clark,Fantasy,2022,"A magical glade holds the key to a hidden world, and a young girl must navigate its depths to save her family."
188,The Battle of the Gods,Walter Davis,Historical Fiction,2020,"Ancient gods clash in a battle for supremacy, with mortals caught in the crossfire."
189,The Haunted Abbey,Wendy White,Horror,2023,"An abbey with a dark past is haunted by the spirits of its former inhabitants, seeking revenge on the living."
190,The Time Traveler's Journey,William Wilson,Science Fiction,2019,A time traveler must navigate the paradoxes of his actions to prevent a catastrophic future.
191,The Secret Sanctuary,Yvonne Austin,Romance,2021,A young woman discovers a hidden sanctuary that holds the key to her family's past and her own future.
192,The Mystery of the Barn,Zachary Black,Mystery,2022,A series of mysterious events in an old barn lead to the uncovering of a hidden treasure and a family secret.
193,The Dragon's Roar,Zara White,Fantasy,2020,A young dragon rider must face the ultimate test to prove her worth and save her kingdom from destruction.
194,The Lost Ruins,Zoe Brown,Adventure,2023,"An explorer discovers lost ruins deep in the jungle, guarded by ancient traps and mythical creatures."
195,The Phantom's Lament,Zach Green,Horror,2019,"A phantom haunts a theater, seeking revenge on those who wronged him in life."
196,The Galactic Adventure,Aaron Smith,Science Fiction,2021,"A spaceship crew embarks on a journey to the edge of the universe, encountering cosmic wonders and dangers."
197,The Enchanted Lake,Bella Clark,Fantasy,2022,"A magical lake holds the key to a hidden world, and a young girl must navigate its depths to save her family."
198,The Battle of the Heroes,Ben Davis,Historical Fiction,2020,"Ancient heroes clash in a battle for glory, with mortals caught in the crossfire."
199,The Haunted House,Carla White,Horror,2023,"A house with a dark past is haunted by the spirits of its former inhabitants, seeking revenge on the living."
200,The Time Traveler's Quest,Charles Wilson,Science Fiction,2019,A time traveler must navigate the paradoxes of his actions to prevent a catastrophic future.
301,El Bosque Susurrante,Emilia Torres,Fantasy,2020,Una joven descubre un bosque mágico donde debe enfrentar sus miedos para salvar su aldea.
302,Les Échos du Temps,Jean-Pierre Noir,Science Fiction,2019,Un scientifique invente une machine à voyager dans le temps et retourne en arrière pour empêcher une catastrophe mondiale.
303,Die Schatten der Vergangenheit,Viktoria Straße,Mystery,2018,Ein Detektiv entwirrt eine Reihe von Morden die mit einem alten ungelösten Fall verbunden zu sein scheinen.
304,Il Regno Perduto,Davide Re,Adventure,2017,Ein Gruppe von Forschern sucht nach einem legendären Königreich das tief im Amazonas-Regenwald verborgen ist.
305,La Danza delle Stelle,Sara Bianca,Romance,2016,Eine Liebesgeschichte zwischen einem Astronauten und einer Wissenschaftlerin die sich während einer Weltraummission kennenlernen.
306,La Maison Hantée,Michel Sombre,Horror,2015,Eine Familie zieht in ein altes Herrenhaus und beginnt übernatürliche Ereignisse zu erleben.
307,A Cidade Esquecida,Lucia Verde,Historical Fiction,2014,Eine Geschichte über eine Stadt die in der Zeit verloren ging und den Archäologen der ihre Geheimnisse entdeckt.
308,El Espejo Encantado,Olivia Azul,Fantasy,2013,Ein magischer Spiegel der Wünsche erfüllt führt einen jungen Jungen auf ein gefährliches Abenteuer.
309,La Frontière Numérique,Thomas Gris,Science Fiction,2012,Ein Hacker entdeckt eine Verschwörung die die digitale Welt bedroht.
310,L'Acte de Disparition,Emma Pierre,Mystery,2011,Ein Magierassistent verschwindet während einer Aufführung was zu einer komplexen Untersuchung führt.
311,El Tesoro Oculto,Ricardo Marrón,Adventure,2010,Ein Schatzsucher sucht nach dem versteckten Vermögen eines legendären Piraten.
312,El Sendero Estrellado,Amelia Rosa,Romance,2009,Ein Paar findet die Liebe während es den Appalachen-Trail wandert.
313,La Mansión Maldita,Enrique Negro,Horror,2008,Eine Gruppe von Freunden verbringt die Nacht in einem verfluchten Schloss und stellt sich ihren dunkelsten Ängsten.
314,La Profecía Antigua,Clara Blanca,Historical Fiction,2007,Eine alte Prophezeiung erfüllt sich und verändert den Lauf der Geschichte.
315,El Bosque Místico,Eleonor Verde,Fantasy,2006,Ein junges Mädchen betritt einen mystischen Wald und begegnet magischen Kreaturen.
316,El Dilema del Viajero del Tiempo,Benjamín Gris,Science Fiction,2005,Ein Zeitreisender muss entscheiden ob er die Vergangenheit ändern oder die Geschichte ihren Lauf nehmen lassen soll.
317,El Testigo Silencioso,Sofía Piedra,Mystery,2004,Ein Detektiv löst einen Mordfall mit Hilfe eines stummen Zeugen.
318,La Isla Perdida,Samuel Marrón,Adventure,2003,Eine Gruppe von Forschern entdeckt eine verlorene Insel die mit antiken Ruinen gefüllt ist.
319,La Serenata Lunar,Isabella Rosa,Romance,2002,Ein Musiker und eine Tänzerin verlieben sich während einer mondbeschienenen Aufführung.
320,La Casa Encantada,Alejandro Oscuro,Horror,2001,Eine Familie zieht in ein Spukhaus und erlebt beängstigende Ereignisse.
321,El Legado Olvidado,Victoria Calle,Historical Fiction,2000,Ein Historiker entdeckt ein vergessenes Erbe das den Lauf der Geschichte verändert.
322,El Jardín Encantado,Olivia Azul,Fantasy,1999,Ein magischer Garten erwacht zum Leben und führt ein junges Mädchen auf ein spannendes Abenteuer.
323,La Revolución Digital,Thomas Gris,Science Fiction,1998,Ein Computerprogrammierer erstellt eine KI die die Welt übernimmt.
324,El Punto de Desaparición,Emma Pierre,Mystery,1997,Ein Detektiv untersucht eine Reihe von Verschwinden die miteinander verbunden zu sein scheinen.
325,La Cueva Oculta,Ricardo Marrón,Adventure,1996,Eine Gruppe von Forschern entdeckt eine verborgene Höhle die mit antiken Schätzen gefüllt ist.
326,El Baile Estrellado,Amelia Rosa,Romance,1995,Ein Paar findet die Liebe während es unter den Sternen tanzt.
327,La Mansión Maldita,Enrique Negro,Horror,1994,Eine Gruppe von Freunden verbringt die Nacht in einem verfluchten Herrenhaus und stellt sich ihren dunkelsten Ängsten.
328,El Secreto Antiguo,Clara Blanca,Historical Fiction,1993,Ein altes Geheimnis wird enthüllt und verändert den Lauf der Geschichte.
329,El Lago Místico,Eleonor Verde,Fantasy,1992,Ein junges Mädchen entdeckt einen mystischen See der Wünsche erfüllt.
330,El Viaje del Viajero del Tiempo,Benjamín Gris,Science Fiction,1991,Ein Zeitreisender muss entscheiden ob er die Vergangenheit ändern oder die Geschichte ihren Lauf nehmen lassen soll.
331,El Observador Silencioso,Sofía Piedra,Mystery,1990,Ein Detektiv löst einen Mordfall mit Hilfe eines stillen Zeugen.
332,La Ciudad Perdida,Samuel Marrón,Adventure,1989,Eine Gruppe von Forschern entdeckt eine verlorene Stadt die tief im Dschungel verborgen ist.
333,La Melodía Lunar,Isabella Rosa,Romance,1988,Ein Musiker und eine Tänzerin verlieben sich während einer mondbeschienenen Aufführung.
334,La Villa Encantada,Alejandro Oscuro,Horror,1987,Eine Familie zieht in eine Spukvilla und erlebt beängstigende Ereignisse.
335,El Legado Olvidado,Victoria Calle,Historical Fiction,1986,Ein Historiker entdeckt ein vergessenes Erbe das den Lauf der Geschichte verändert.
336,El Prado Encantado,Olivia Azul,Fantasy,1985,Eine magische Wiese erwacht zum Leben und führt ein junges Mädchen auf ein spannendes Abenteuer.
337,La Era Digital,Thomas Gris,Science Fiction,1984,Ein Computerprogrammierer erstellt eine KI die die Welt übernimmt.
338,El Rastro de Desaparición,Emma Pierre,Mystery,1983,Ein Detektiv untersucht eine Reihe von Verschwinden die miteinander verbunden zu sein scheinen.
339,El Templo Oculto,Ricardo Marrón,Adventure,1982,Eine Gruppe von Forschern entdeckt einen verborgenen Tempel der mit antiken Schätzen gefüllt ist.
340,El Abrazo Estrellado,Amelia Rosa,Romance,1981,Ein Paar findet die Liebe während es unter den Sternen umarmt.
341,La Residencia Maldita,Enrique Negro,Horror,1980,Eine Gruppe von Freunden verbringt die Nacht in einem verfluchten Anwesen und stellt sich ihren dunkelsten Ängsten.
342,El Enigma Antiguo,Clara Blanca,Historical Fiction,1979,Ein altes Rätsel wird enthüllt und verändert den Lauf der Geschichte.
343,El Río Místico,Eleonor Verde,Fantasy,1978,Ein junges Mädchen entdeckt einen mystischen Fluss der Wünsche erfüllt.
344,La Odisea del Viajero del Tiempo,Benjamín Gris,Science Fiction,1977,Ein Zeitreisender begibt sich auf eine Odyssee durch die Zeit um die Vergangenheit zu ändern.
345,El Guardián Silencioso,Sofía Piedra,Mystery,1976,Ein Detektiv löst einen Mordfall mit Hilfe eines stillen Wächters.
346,La Fortaleza Perdida,Samuel Marrón,Adventure,1975,Eine Gruppe von Forschern entdeckt eine verlorene Festung die tief in den Bergen verborgen ist.
347,La Armonía Lunar,Isabella Rosa,Romance,1974,Ein Musiker und eine Tänzerin verlieben sich während einer mondbeschienenen Aufführung.
348,La Chateau Hanté,Alexandre Sombre,Horror,1973,Eine Familie zieht in ein Spukschloss und erlebt beängstigende Ereignisse.
349,L'Héritage Oublié,Victoria Rue,Historical Fiction,1972,Ein Historiker entdeckt ein vergessenes Erbe das den Lauf der Geschichte verändert.
350,La Clairière Enchantée,Olivia Bleu,Fantasy,1971,Eine magische Lichtung erwacht zum Leben und führt ein junges Mädchen auf ein spannendes Abenteuer.
351,L'Ère Numérique,Thomas Gris,Science Fiction,1970,Ein Computerprogrammierer erstellt eine KI die die Welt übernimmt.
352,La Piste de Disparition,Emma Pierre,Mystery,1969,Ein Detektiv untersucht eine Reihe von Verschwinden die miteinander verbunden zu sein scheinen.
353,Le Sanctuaire Caché,Richard Brun,Adventure,1968,Eine Gruppe von Forschern entdeckt ein verborgenes Heiligtum das mit antiken Schätzen gefüllt ist.
354,La Caresse Étoilée,Amelia Rose,Romance,1967,Ein Paar findet die Liebe während es unter den Sternen streichelt.
355,La Demeure Maudite,Henri Noir,Horror,1966,Eine Gruppe von Freunden verbringt die Nacht in einem verfluchten Haus und stellt sich ihren dunkelsten Ängsten.
356,L'Énigme Ancienne,Clara Blanche,Historical Fiction,1965,Ein altes Rätsel wird enthüllt und verändert den Lauf der Geschichte.
357,Le Lac Mystique,Eleanor Verte,Fantasy,1964,Ein junges Mädchen entdeckt einen mystischen See der Wünsche erfüllt.
358,L'Odyssée du Voyageur du Temps,Benjamin Gris,Science Fiction,1963,Ein Zeitreisender begibt sich auf eine Odyssee durch die Zeit um die Vergangenheit zu ändern.
359,Le Sentinelle Silencieuse,Sophia Pierre,Mystery,1962,Ein Detektiv löst einen Mordfall mit Hilfe eines stillen Wächters.
360,La Citadelle Perdue,Samuel Brun,Adventure,1961,Eine Gruppe von Forschern entdeckt eine verlorene Zitadelle die tief in der Wüste verborgen ist.
361,La Symphonie Lunaire,Isabella Rose,Romance,1960,Ein Musiker und eine Tänzerin verlieben sich während einer mondbeschienenen Aufführung.
362,Le Palais Hanté,Alexandre Sombre,Horror,1959,Eine Familie zieht in einen Spukpalast und erlebt beängstigende Ereignisse.
363,L'Héritage Oublié,Victoria Rue,Historical Fiction,1958,Ein Historiker entdeckt ein vergessenes Erbe das den Lauf der Geschichte verändert.
364,Le Bosquet Enchanté,Olivia Bleu,Fantasy,1957,Ein magisches Wäldchen erwacht zum Leben und führt ein junges Mädchen auf ein spannendes Abenteuer.
365,L'Ère Numérique,Thomas Gris,Science Fiction,1956,Ein Computerprogrammierer erstellt eine KI die die Welt übernimmt.
366,La Trace de Disparition,Emma Pierre,Mystery,1955,Ein Detektiv untersucht eine Reihe von Verschwinden die miteinander verbunden zu sein scheinen.
367,Le Sanctuaire Caché,Richard Brun,Adventure,1954,Eine Gruppe von Forschern entdeckt ein verborgenes Heiligtum das mit antiken Schätzen gefüllt ist.
368,La Caresse Étoilée,Amelia Rose,Romance,1953,Ein Paar findet die Liebe während es unter den Sternen streichelt.
369,La Demeure Maudite,Henri Noir,Horror,1952,Eine Gruppe von Freunden verbringt die Nacht in einem verfluchten Haus und stellt sich ihren dunkelsten Ängsten.
370,L'Énigme Ancienne,Clara Blanche,Historical Fiction,1951,Ein altes Rätsel wird enthüllt und verändert den Lauf der Geschichte.
371,Le Lac Mystique,Eleanor Verte,Fantasy,1950,Ein junges Mädchen entdeckt einen mystischen See der Wünsche erfüllt.
372,L'Odyssée du Voyageur du Temps,Benjamin Gris,Science Fiction,1949,Ein Zeitreisender begibt sich auf eine Odyssee durch die Zeit um die Vergangenheit zu ändern.
373,Le Sentinelle Silencieuse,Sophia Pierre,Mystery,1948,Ein Detektiv löst einen Mordfall mit Hilfe eines stillen Wächters.
374,La Citadelle Perdue,Samuel Brun,Adventure,1947,Eine Gruppe von Forschern entdeckt eine verlorene Zitadelle die tief in der Wüste verborgen ist.
375,La Symphonie Lunaire,Isabella Rose,Romance,1946,Ein Musiker und eine Tänzerin verlieben sich während einer mondbeschienenen Aufführung.
376,Il Palazzo Infestato,Alessandro Oscuro,Horror,1945,Eine Familie zieht in einen Spukpalast und erlebt beängstigende Ereignisse.
377,L'Eredità Dimenticata,Vittoria Via,Historical Fiction,1944,Ein Historiker entdeckt ein vergessenes Erbe das den Lauf der Geschichte verändert.
378,Il Boschetto Incantato,Olivia Blu,Fantasy,1943,Ein magisches Wäldchen erwacht zum Leben und führt ein junges Mädchen auf ein spannendes Abenteuer.
379,L'Era Digitale,Tommaso Grigio,Science Fiction,1942,Ein Computerprogrammierer erstellt eine KI die die Welt übernimmt.
380,La Traccia di Scomparsa,Emma Pietra,Mystery,1941,Ein Detektiv untersucht eine Reihe von Verschwinden die miteinander verbunden zu sein scheinen.
381,Il Santuario Nascosto,Riccardo Bruno,Adventure,1940,Eine Gruppe von Forschern entdeckt ein verborgenes Heiligtum das mit antiken Schätzen gefüllt ist.
382,La Carezza Stellata,Amelia Rosa,Romance,1939,Ein Paar findet die Liebe während es unter den Sternen streichelt.
383,La Dimora Maledetta,Enrico Nero,Horror,1938,Eine Gruppe von Freunden verbringt die Nacht in einem verfluchten Haus und stellt sich ihren dunkelsten Ängsten.
384,L'Enigma Antico,Clara Bianca,Historical Fiction,1937,Ein altes Rätsel wird enthüllt und verändert den Lauf der Geschichte.
385,Il Lago Mistico,Eleonora Verde,Fantasy,1936,Ein junges Mädchen entdeckt einen mystischen See der Wünsche erfüllt.
386,L'Odissea del Viaggiatore del Tempo,Beniamino Grigio,Science Fiction,1935,Ein Zeitreisender begibt sich auf eine Odyssee durch die Zeit um die Vergangenheit zu ändern.
387,La Sentinella Silenziosa,Sofia Pietra,Mystery,1934,Ein Detektiv löst einen Mordfall mit Hilfe eines stillen Wächters.
388,La Cittadella Perduta,Samuele Bruno,Adventure,1933,Eine Gruppe von Forschern entdeckt eine verlorene Zitadelle die tief in der Wüste verborgen ist.
389,La Sinfonia Lunare,Isabella Rosa,Romance,1932,Ein Musiker und eine Tänzerin verlieben sich während einer mondbeschienenen Aufführung.
390,Das Verfluchte Schloss,Alexander Dunkel,Horror,1931,Eine Familie zieht in ein Spukschloss und erlebt beängstigende Ereignisse.
391,Das Vergessene Erbe,Viktoria Straße,Historical Fiction,1930,Ein Historiker entdeckt ein vergessenes Erbe das den Lauf der Geschichte verändert.
392,Der Verzauberte Hain,Olivia Blau,Fantasy,1929,Ein magischer Hain erwacht zum Leben und führt ein junges Mädchen auf ein spannendes Abenteuer.
393,Das Digitale Zeitalter,Thomas Grau,Science Fiction,1928,Ein Computerprogrammierer erstellt eine KI die die Welt übernimmt.
394,Die Spur des Verschwindens,Emma Stein,Mystery,1927,Ein Detektiv untersucht eine Reihe von Verschwinden die miteinander verbunden zu sein scheinen.
395,Das Verborgene Heiligtum,Richard Braun,Adventure,1926,Eine Gruppe von Forschern entdeckt ein verborgenes Heiligtum das mit antiken Schätzen gefüllt ist.
396,Die Sternenliebkosung,Amelia Rose,Romance,1925,Ein Paar findet die Liebe während es unter den Sternen streichelt.
397,Das Verfluchte Haus,Heinrich Schwarz,Horror,1924,Eine Gruppe von Freunden verbringt die Nacht in einem verfluchten Haus und stellt sich ihren dunkelsten Ängsten.
398,Das Alte Rätsel,Clara Weiß,Historical Fiction,1923,Ein altes Rätsel wird enthüllt und verändert den Lauf der Geschichte.
399,Der Mystische Fluss,Eleonore Grün,Fantasy,1922,Ein junges Mädchen entdeckt einen mystischen Fluss der Wünsche erfüllt.
400,Die Odyssee des Zeitreisenden,Benjamin Grau,Science Fiction,1921,Ein Zeitreisender begibt sich auf eine Odyssee durch die Zeit um die Vergangenheit zu ändern.
401,Le Château Hanté,Alexandre Sombre,Horror,1945,A family moves into a haunted castle and experiences terrifying events.
402,L'Héritage Oublié,Victoria Rue,Historical Fiction,1944,A historian uncovers a forgotten inheritance that changes the course of history.
403,La Clairière Enchantée,Olivia Bleu,Fantasy,1943,A magical clearing comes to life leading a young girl on a thrilling adventure.
404,L'Ère Numérique,Thomas Gris,Science Fiction,1942,A computer programmer creates an AI that takes over the world.
405,La Piste de Disparition,Emma Pierre,Mystery,1941,A detective investigates a series of disappearances that seem to be connected.
406,Le Sanctuaire Caché,Richard Brun,Adventure,1940,A group of explorers discovers a hidden sanctuary filled with ancient treasures.
407,La Caresse Étoilée,Amelia Rose,Romance,1939,A couple finds love while caressing under the stars.
408,La Demeure Maudite,Henri Noir,Horror,1938,A group of friends spends the night in a haunted house and faces their darkest fears.
409,L'Énigme Ancienne,Clara Blanche,Historical Fiction,1937,An ancient enigma is revealed changing the course of history.
410,Le Lac Mystique,Eleanor Verte,Fantasy,1936,A young girl discovers a mystical lake that grants wishes.
411,L'Odyssée du Voyageur du Temps,Benjamin Gris,Science Fiction,1935,A time traveler embarks on an odyssey through time to change the past.
412,La Sentinelle Silencieuse,Sophia Pierre,Mystery,1934,A detective solves a murder case with the help of a silent sentinel.
413,La Citadelle Perdue,Samuel Brun,Adventure,1933,A group of explorers discovers a lost citadel hidden deep within the desert.
414,La Symphonie Lunaire,Isabella Rose,Romance,1932,A musician and a dancer fall in love during a moonlit performance.
415,Il Palazzo Infestato,Alessandro Oscuro,Horror,1931,A family moves into a haunted palace and experiences terrifying events.
416,L'Eredità Dimenticata,Vittoria Via,Historical Fiction,1930,A historian uncovers a forgotten inheritance that changes the course of history.
417,Il Boschetto Incantato,Olivia Blu,Fantasy,1929,A magical grove comes to life leading a young girl on a thrilling adventure.
418,L'Era Digitale,Tommaso Grigio,Science Fiction,1928,A computer programmer creates an AI that takes over the world.
419,La Traccia di Scomparsa,Emma Pietra,Mystery,1927,A detective investigates a series of disappearances that seem to be connected.
420,Il Santuario Nascosto,Riccardo Bruno,Adventure,1926,A group of explorers discovers a hidden sanctuary filled with ancient treasures.
421,La Carezza Stellata,Amelia Rosa,Romance,1925,A couple finds love while caressing under the stars.
422,La Dimora Maledetta,Enrico Nero,Horror,1924,A group of friends spends the night in a haunted house and faces their darkest fears.
423,L'Enigma Antico,Clara Bianca,Historical Fiction,1923,An ancient enigma is revealed changing the course of history.
424,Il Lago Mistico,Eleonora Verde,Fantasy,1922,A young girl discovers a mystical lake that grants wishes.
425,L'Odissea del Viaggiatore del Tempo,Beniamino Grigio,Science Fiction,1921,A time traveler embarks on an odyssey through time to change the past.
426,La Sentinella Silenziosa,Sofia Pietra,Mystery,1920,A detective solves a murder case with the help of a silent sentinel.
427,La Cittadella Perduta,Samuele Bruno,Adventure,1919,A group of explorers discovers a lost citadel hidden deep within the desert.
428,La Sinfonia Lunare,Isabella Rosa,Romance,1918,A musician and a dancer fall in love during a moonlit performance.
429,Das Verfluchte Schloss,Alexander Dunkel,Horror,1917,A family moves into a haunted castle and experiences terrifying events.
430,Das Vergessene Erbe,Viktoria Straße,Historical Fiction,1916,A historian uncovers a forgotten heritage that changes the course of history.
431,Der Verzauberte Hain,Olivia Blau,Fantasy,1915,A magical grove comes to life leading a young girl on a thrilling adventure.
432,Das Digitale Zeitalter,Thomas Grau,Science Fiction,1914,A computer programmer creates an AI that takes over the world.
433,Die Spur des Verschwindens,Emma Stein,Mystery,1913,A detective investigates a series of disappearances that seem to be connected.
434,Das Verborgene Heiligtum,Richard Braun,Adventure,1912,A group of explorers discovers a hidden sanctuary filled with ancient treasures.
435,Die Sternenliebkosung,Amelia Rose,Romance,1911,A couple finds love while caressing under the stars.
436,Das Verfluchte Haus,Heinrich Schwarz,Horror,1910,A group of friends spends the night in a haunted house and faces their darkest fears.
437,Das Alte Rätsel,Clara Weiß,Historical Fiction,1909,An ancient riddle is revealed changing the course of history.
438,Der Mystische Fluss,Eleonore Grün,Fantasy,1908,A young girl discovers a mystical river that grants wishes.
439,Die Odyssee des Zeitreisenden,Benjamin Grau,Science Fiction,1907,A time traveler embarks on an odyssey through time to change the past.
440,Der Wächter der Stille,Sophia Stein,Mystery,1906,A detective solves a murder case with the help of a silent guardian.
441,Die Verlorene Festung,Samuel Braun,Adventure,1905,A group of explorers discovers a lost fortress hidden deep within the mountains.
442,Die Mondsymphonie,Isabella Rose,Romance,1904,A musician and a dancer fall in love during a moonlit performance.
443,Le Château Hanté,Alexandre Sombre,Horror,1903,A family moves into a haunted castle and experiences terrifying events.
444,L'Héritage Oublié,Victoria Rue,Historical Fiction,1902,A historian uncovers a forgotten inheritance that changes the course of history.
445,La Clairière Enchantée,Olivia Bleu,Fantasy,1901,A magical clearing comes to life leading a young girl on a thrilling adventure.
446,L'Ère Numérique,Thomas Gris,Science Fiction,1900,A computer programmer creates an AI that takes over the world.
447,La Piste de Disparition,Emma Pierre,Mystery,1899,A detective investigates a series of disappearances that seem to be connected.
448,Le Sanctuaire Caché,Richard Brun,Adventure,1898,A group of explorers discovers a hidden sanctuary filled with ancient treasures.
449,La Caresse Étoilée,Amelia Rose,Romance,1897,A couple finds love while caressing under the stars.
450,La Demeure Maudite,Henri Noir,Horror,1896,A group of friends spends the night in a haunted house and faces their darkest fears.
451,L'Énigme Ancienne,Clara Blanche,Historical Fiction,1895,An ancient enigma is revealed changing the course of history.
452,Le Lac Mystique,Eleanor Verte,Fantasy,1894,A young girl discovers a mystical lake that grants wishes.
453,L'Odyssée du Voyageur du Temps,Benjamin Gris,Science Fiction,1893,A time traveler embarks on an odyssey through time to change the past.
454,La Sentinelle Silencieuse,Sophia Pierre,Mystery,1892,A detective solves a murder case with the help of a silent sentinel.
455,La Citadelle Perdue,Samuel Brun,Adventure,1891,A group of explorers discovers a lost citadel hidden deep within the desert.
456,La Symphonie Lunaire,Isabella Rose,Romance,1890,A musician and a dancer fall in love during a moonlit performance.
457,Il Palazzo Infestato,Alessandro Oscuro,Horror,1889,A family moves into a haunted palace and experiences terrifying events.
458,L'Eredità Dimenticata,Vittoria Via,Historical Fiction,1888,A historian uncovers a forgotten inheritance that changes the course of history.
459,Il Boschetto Incantato,Olivia Blu,Fantasy,1887,A magical grove comes to life leading a young girl on a thrilling adventure.
460,L'Era Digitale,Tommaso Grigio,Science Fiction,1886,A computer programmer creates an AI that takes over the world.
461,La Traccia di Scomparsa,Emma Pietra,Mystery,1885,A detective investigates a series of disappearances that seem to be connected.
462,Il Santuario Nascosto,Riccardo Bruno,Adventure,1884,A group of explorers discovers a hidden sanctuary filled with ancient treasures.
463,La Carezza Stellata,Amelia Rosa,Romance,1883,A couple finds love while caressing under the stars.
464,La Dimora Maledetta,Enrico Nero,Horror,1882,A group of friends spends the night in a haunted house and faces their darkest fears.
465,L'Enigma Antico,Clara Bianca,Historical Fiction,1881,An ancient enigma is revealed changing the course of history.
466,Il Lago Mistico,Eleonora Verde,Fantasy,1880,A young girl discovers a mystical lake that grants wishes.
467,L'Odissea del Viaggiatore del Tempo,Beniamino Grigio,Science Fiction,1879,A time traveler embarks on an odyssey through time to change the past.
468,La Sentinella Silenziosa,Sofia Pietra,Mystery,1878,A detective solves a murder case with the help of a silent sentinel.
469,La Cittadella Perduta,Samuele Bruno,Adventure,1877,A group of explorers discovers a lost citadel hidden deep within the desert.
470,La Sinfonia Lunare,Isabella Rose,Romance,1876,A musician and a dancer fall in love during a moonlit performance.
471,The Whispering Woods,Emily Thorne,Fantasy,2020,A young girl discovers a hidden magical forest where she must confront her fears to save her village.
472,Les Échos du Temps,Jean-Pierre Noir,Science Fiction,2019,A scientist invents a time machine and travels back to prevent a global catastrophe.
473,Die Schatten der Vergangenheit,Viktoria Straße,Mystery,2018,A detective unravels a series of murders that seem to be connected to an old unsolved case.
474,Il Regno Perduto,Davide Re,Adventure,2017,A group of explorers search for a legendary kingdom hidden deep within the Amazon rainforest.
475,La Danza delle Stelle,Sara Bianca,Romance,2016,A love story between an astronaut and a scientist who meet during a space mission.
476,La Maison Hantée,Michel Sombre,Horror,2015,A family moves into an old mansion and begins to experience supernatural events.
477,A Cidade Esquecida,Lucia Verde,Historical Fiction,2014,A tale of a city lost to time and the archaeologist who discovers its secrets.
478,El Espejo Encantado,Olivia Azul,Fantasy,2013,A magical mirror that grants wishes leads a young boy on a dangerous adventure.
479,La Frontière Numérique,Thomas Gris,Science Fiction,2012,A hacker uncovers a conspiracy that threatens the digital world.
480,L'Acte de Disparition,Emma Pierre,Mystery,2011,A magician's assistant disappears during a performance leading to a complex investigation.
481,El Tesoro Oculto,Ricardo Marrón,Adventure,2010,A treasure hunter searches for a legendary pirate's hidden fortune.
482,El Sendero Estrellado,Amelia Rosa,Romance,2009,A couple finds love while hiking the Appalachian Trail.
483,La Mansión Maldita,Enrique Negro,Horror,2008,A group of friends spends the night in a haunted mansion and faces their darkest fears.
484,La Profecía Antigua,Clara Blanca,Historical Fiction,2007,An ancient prophecy comes true changing the course of history.
485,El Bosque Místico,Eleonor Verde,Fantasy,2006,A young girl enters a mystical forest and encounters magical creatures.
486,El Dilema del Viajero del Tiempo,Benjamín Gris,Science Fiction,2005,A time traveler must decide whether to change the past or let history unfold.
487,El Testigo Silencioso,Sofía Piedra,Mystery,2004,A detective solves a murder case with the help of a mute witness.
488,La Isla Perdida,Samuel Marrón,Adventure,2003,A group of explorers discovers a lost island filled with ancient ruins.
489,La Serenata Lunar,Isabella Rosa,Romance,2002,A musician and a dancer fall in love during a moonlit performance.
490,La Casa Encantada,Alejandro Oscuro,Horror,2001,A family moves into a haunted house and experiences terrifying events.
491,El Legado Olvidado,Victoria Calle,Historical Fiction,2000,A historian uncovers a forgotten legacy that changes the course of history.
492,El Jardín Encantado,Olivia Azul,Fantasy,1999,A magical garden comes to life leading a young girl on a thrilling adventure.
493,La Revolución Digital,Thomas Gris,Science Fiction,1998,A computer programmer creates an AI that takes over the world.
494,El Punto de Desaparición,Emma Pierre,Mystery,1997,A detective investigates a series of disappearances that seem to be connected.
495,La Cueva Oculta,Ricardo Marrón,Adventure,1996,A group of explorers discovers a hidden cave filled with ancient treasures.
496,El Baile Estrellado,Amelia Rosa,Romance,1995,A couple finds love while dancing under the stars.
497,La Mansión Maldita,Enrique Negro,Horror,1994,A group of friends spends the night in a haunted mansion and faces their darkest fears.
498,El Secreto Antiguo,Clara Blanca,Historical Fiction,1993,An ancient secret is revealed changing the course of history.
499,El Lago Místico,Eleonor Verde,Fantasy,1992,A young girl discovers a mystical lake that grants wishes.
500,El Viaje del Viajero del Tiempo,Benjamín Gris,Science Fiction,1991,A time traveler embarks on a journey through time to change the past.
501,El Observador Silencioso,Sofía Piedra,Mystery,1990,A detective solves a murder case with the help of a silent observer.
502,La Ciudad Perdida,Samuel Marrón,Adventure,1989,A group of explorers discovers a lost city hidden deep within the jungle.
503,La Melodía Lunar,Isabella Rosa,Romance,1988,A musician and a dancer fall in love during a moonlit performance.
504,La Villa Encantada,Alejandro Oscuro,Horror,1987,A family moves into a haunted villa and experiences terrifying events.
505,El Legado Olvidado,Victoria Calle,Historical Fiction,1986,A historian uncovers a forgotten legacy that changes the course of history.
506,El Prado Encantado,Olivia Azul,Fantasy,1985,A magical meadow comes to life leading a young girl on a thrilling adventure.
507,La Era Digital,Thomas Gris,Science Fiction,1984,A computer programmer creates an AI that takes over the world.
508,El Rastro de Desaparición,Emma Pierre,Mystery,1983,A detective investigates a series of disappearances that seem to be connected.
509,El Templo Oculto,Ricardo Marrón,Adventure,1982,A group of explorers discovers a hidden temple filled with ancient treasures.
510,El Abrazo Estrellado,Amelia Rosa,Romance,1981,A couple finds love while embracing under the stars.
511,La Residencia Maldita,Enrique Negro,Horror,1980,A group of friends spends the night in a haunted residence and faces their darkest fears.
512,El Enigma Antiguo,Clara Blanca,Historical Fiction,1979,An ancient enigma is revealed changing the course of history.
513,El Río Místico,Eleonor Verde,Fantasy,1978,A young girl discovers a mystical river that grants wishes.
514,La Odisea del Viajero del Tiempo,Benjamín Gris,Science Fiction,1977,A time traveler embarks on an odyssey through time to change the past.
515,El Guardián Silencioso,Sofía Piedra,Mystery,1976,A detective solves a murder case with the help of a silent guardian.
516,La Fortaleza Perdida,Samuel Marrón,Adventure,1975,A group of explorers discovers a lost fortress hidden deep within the mountains.
517,La Armonía Lunar,Isabella Rosa,Romance,1974,A musician and a dancer fall in love during a moonlit performance.
518,Il Palazzo Infestato,Alessandro Oscuro,Horror,1973,A family moves into a haunted palace and experiences terrifying events.
519,L'Eredità Dimenticata,Vittoria Via,Historical Fiction,1972,A historian uncovers a forgotten inheritance that changes the course of history.
520,Il Boschetto Incantato,Olivia Blu,Fantasy,1971,A magical grove comes to life leading a young girl on a thrilling adventure.
521,Das Verfluchte Schloss,Alexander Dunkel,Horror,1945,Eine Familie zieht in ein Spukschloss und erlebt beängstigende Ereignisse.
522,Das Vergessene Erbe,Viktoria Straße,Historical Fiction,1944,Ein Historiker entdeckt ein vergessenes Erbe das den Lauf der Geschichte verändert.
523,Der Verzauberte Hain,Olivia Blau,Fantasy,1943,Ein magischer Hain erwacht zum Leben und führt ein junges Mädchen auf ein spannendes Abenteuer.
524,Das Digitale Zeitalter,Thomas Grau,Science Fiction,1942,Ein Computerprogrammierer erstellt eine KI die die Welt übernimmt.
525,Die Spur des Verschwindens,Emma Stein,Mystery,1941,Ein Detektiv untersucht eine Reihe von Verschwinden die miteinander verbunden zu sein scheinen.
526,Das Verborgene Heiligtum,Richard Braun,Adventure,1940,Eine Gruppe von Forschern entdeckt ein verborgenes Heiligtum das mit antiken Schätzen gefüllt ist.
527,Die Sternenliebkosung,Amelia Rose,Romance,1939,Ein Paar findet die Liebe während es unter den Sternen streichelt.
528,Das Verfluchte Haus,Heinrich Schwarz,Horror,1938,Eine Gruppe von Freunden verbringt die Nacht in einem verfluchten Haus und stellt sich ihren dunkelsten Ängsten.
529,Das Alte Rätsel,Clara Weiß,Historical Fiction,1937,Ein altes Rätsel wird enthüllt und verändert den Lauf der Geschichte.
530,Der Mystische Fluss,Eleonore Grün,Fantasy,1936,Ein junges Mädchen entdeckt einen mystischen Fluss der Wünsche erfüllt.
531,Die Odyssee des Zeitreisenden,Benjamin Grau,Science Fiction,1935,Ein Zeitreisender begibt sich auf eine Odyssee durch die Zeit um die Vergangenheit zu ändern.
532,Der Wächter der Stille,Sophia Stein,Mystery,1934,Ein Detektiv löst einen Mordfall mit Hilfe eines stillen Wächters.
533,Die Verlorene Festung,Samuel Braun,Adventure,1933,Eine Gruppe von Forschern entdeckt eine verlorene Festung die tief in den Bergen verborgen ist.
534,Die Mondsymphonie,Isabella Rose,Romance,1932,Ein Musiker und eine Tänzerin verlieben sich während einer mondbeschienenen Aufführung.
535,Le Château Hanté,Alexandre Sombre,Horror,1931,Eine Familie zieht in ein Spukschloss und erlebt beängstigende Ereignisse.
536,L'Héritage Oublié,Victoria Rue,Historical Fiction,1930,Ein Historiker entdeckt ein vergessenes Erbe das den Lauf der Geschichte verändert.
537,La Clairière Enchantée,Olivia Bleu,Fantasy,1929,Eine magische Lichtung erwacht zum Leben und führt ein junges Mädchen auf ein spannendes Abenteuer.
538,L'Ère Numérique,Thomas Gris,Science Fiction,1928,Ein Computerprogrammierer erstellt eine KI die die Welt übernimmt.
539,La Piste de Disparition,Emma Pierre,Mystery,1927,Ein Detektiv untersucht eine Reihe von Verschwinden die miteinander verbunden zu sein scheinen.
540,Le Sanctuaire Caché,Richard Brun,Adventure,1926,Eine Gruppe von Forschern entdeckt ein verborgenes Heiligtum das mit antiken Schätzen gefüllt ist.
541,La Caresse Étoilée,Amelia Rose,Romance,1925,Ein Paar findet die Liebe während es unter den Sternen streichelt.
542,La Demeure Maudite,Henri Noir,Horror,1924,Eine Gruppe von Freunden verbringt die Nacht in einem verfluchten Haus und stellt sich ihren dunkelsten Ängsten.
543,L'Énigme Ancienne,Clara Blanche,Historical Fiction,1923,Ein altes Rätsel wird enthüllt und verändert den Lauf der Geschichte.
544,Le Lac Mystique,Eleanor Verte,Fantasy,1922,Ein junges Mädchen entdeckt einen mystischen See der Wünsche erfüllt.
545,L'Odyssée du Voyageur du Temps,Benjamin Gris,Science Fiction,1921,Ein Zeitreisender begibt sich auf eine Odyssee durch die Zeit um die Vergangenheit zu ändern.
546,El Bosque Susurrante,Emilia Torres,Fantasy,2020,Una joven descubre un bosque mágico donde debe enfrentar sus miedos para salvar su aldea.
547,Les Échos du Temps,Jean-Pierre Noir,Science Fiction,2019,Un scientifique invente une machine à voyager dans le temps et retourne en arrière pour empêcher une catastrophe mondiale.
548,Die Schatten der Vergangenheit,Viktoria Straße,Mystery,2018,Ein Detektiv entwirrt eine Reihe von Morden die mit einem alten ungelösten Fall verbunden zu sein scheinen.
549,Il Regno Perduto,Davide Re,Adventure,2017,Ein Gruppe von Forschern sucht nach einem legendären Königreich das tief im Amazonas-Regenwald verborgen ist.
550,La Danza delle Stelle,Sara Bianca,Romance,2016,Eine Liebesgeschichte zwischen einem Astronauten und einer Wissenschaftlerin die sich während einer Weltraummission kennenlernen.
551,La Maison Hantée,Michel Sombre,Horror,2015,Eine Familie zieht in ein altes Herrenhaus und beginnt übernatürliche Ereignisse zu erleben.
552,A Cidade Esquecida,Lucia Verde,Historical Fiction,2014,Eine Geschichte über eine Stadt die in der Zeit verloren ging und den Archäologen der ihre Geheimnisse entdeckt.
553,El Espejo Encantado,Olivia Azul,Fantasy,2013,Ein magischer Spiegel der Wünsche erfüllt führt einen jungen Jungen auf ein gefährliches Abenteuer.
554,La Frontière Numérique,Thomas Gris,Science Fiction,2012,Ein Hacker entdeckt eine Verschwörung die die digitale Welt bedroht.
555,L'Acte de Disparition,Emma Pierre,Mystery,2011,Ein Magierassistent verschwindet während einer Aufführung was zu einer komplexen Untersuchung führt.
556,El Tesoro Oculto,Ricardo Marrón,Adventure,2010,Ein Schatzsucher sucht nach dem versteckten Vermögen eines legendären Piraten.
557,El Sendero Estrellado,Amelia Rosa,Romance,2009,Ein Paar findet die Liebe während es den Appalachen-Trail wandert.
558,La Mansión Maldita,Enrique Negro,Horror,2008,Eine Gruppe von Freunden verbringt die Nacht in einem verfluchten Schloss und stellt sich ihren dunkelsten Ängsten.
559,La Profecía Antigua,Clara Blanca,Historical Fiction,2007,Eine alte Prophezeiung erfüllt sich und verändert den Lauf der Geschichte.
560,El Bosque Místico,Eleonor Verde,Fantasy,2006,Ein junges Mädchen betritt einen mystischen Wald und begegnet magischen Kreaturen.
561,El Dilema del Viajero del Tiempo,Benjamín Gris,Science Fiction,2005,Ein Zeitreisender muss entscheiden ob er die Vergangenheit ändern oder die Geschichte ihren Lauf nehmen lassen soll.
562,El Testigo Silencioso,Sofía Piedra,Mystery,2004,Ein Detektiv löst einen Mordfall mit Hilfe eines stummen Zeugen.
563,La Isla Perdida,Samuel Marrón,Adventure,2003,Eine Gruppe von Forschern entdeckt eine verlorene Insel die mit antiken Ruinen gefüllt ist.
564,La Serenata Lunar,Isabella Rosa,Romance,2002,Ein Musiker und eine Tänzerin verlieben sich während einer mondbeschienenen Aufführung.
565,La Casa Encantada,Alejandro Oscuro,Horror,2001,Eine Familie zieht in ein Spukhaus und erlebt beängstigende Ereignisse.
566,El Legado Olvidado,Victoria Calle,Historical Fiction,2000,Ein Historiker entdeckt ein vergessenes Erbe das den Lauf der Geschichte verändert.
567,El Jardín Encantado,Olivia Azul,Fantasy,1999,Ein magischer Garten erwacht zum Leben und führt ein junges Mädchen auf ein spannendes Abenteuer.
568,La Revolución Digital,Thomas Gris,Science Fiction,1998,Ein Computerprogrammierer erstellt eine KI die die Welt übernimmt.
569,El Punto de Desaparición,Emma Pierre,Mystery,1997,Ein Detektiv untersucht eine Reihe von Verschwinden die miteinander verbunden zu sein scheinen.
570,La Cueva Oculta,Ricardo Marrón,Adventure,1996,Eine Gruppe von Forschern entdeckt eine verborgene Höhle die mit antiken Schätzen gefüllt ist.
571,El Baile Estrellado,Amelia Rosa,Romance,1995,Ein Paar findet die Liebe während es unter den Sternen tanzt.
572,La Mansión Maldita,Enrique Negro,Horror,1994,Eine Gruppe von Freunden verbringt die Nacht in einem verfluchten Herrenhaus und stellt sich ihren dunkelsten Ängsten.
573,El Secreto Antiguo,Clara Blanca,Historical Fiction,1993,Ein altes Geheimnis wird enthüllt und verändert den Lauf der Geschichte.
574,El Lago Místico,Eleonor Verde,Fantasy,1992,Ein junges Mädchen entdeckt einen mystischen See der Wünsche erfüllt.
575,El Viaje del Viajero del Tiempo,Benjamín Gris,Science Fiction,1991,Ein Zeitreisender muss entscheiden ob er die Vergangenheit ändern oder die Geschichte ihren Lauf nehmen lassen soll.
576,El Observador Silencioso,Sofía Piedra,Mystery,1990,Ein Detektiv löst einen Mordfall mit Hilfe eines stillen Zeugen.
577,La Ciudad Perdida,Samuel Marrón,Adventure,1989,Eine Gruppe von Forschern entdeckt eine verlorene Stadt die tief im Dschungel verborgen ist.
578,La Melodía Lunar,Isabella Rosa,Romance,1988,Ein Musiker und eine Tänzerin verlieben sich während einer mondbeschienenen Aufführung.
579,La Villa Encantada,Alejandro Oscuro,Horror,1987,Eine Familie zieht in eine Spukvilla und erlebt beängstigende Ereignisse.
580,El Legado Olvidado,Victoria Calle,Historical Fiction,1986,Ein Historiker entdeckt ein vergessenes Erbe das den Lauf der Geschichte verändert.
581,El Prado Encantado,Olivia Azul,Fantasy,1985,Eine magische Wiese erwacht zum Leben und führt ein junges Mädchen auf ein spannendes Abenteuer.
582,La Era Digital,Thomas Gris,Science Fiction,1984,Ein Computerprogrammierer erstellt eine KI die die Welt übernimmt.
583,El Rastro de Desaparición,Emma Pierre,Mystery,1983,Ein Detektiv untersucht eine Reihe von Verschwinden die miteinander verbunden zu sein scheinen.
584,El Templo Oculto,Ricardo Marrón,Adventure,1982,Eine Gruppe von Forschern entdeckt einen verborgenen Tempel der mit antiken Schätzen gefüllt ist.
585,El Abrazo Estrellado,Amelia Rosa,Romance,1981,Ein Paar findet die Liebe während es unter den Sternen umarmt.
586,La Residencia Maldita,Enrique Negro,Horror,1980,Eine Gruppe von Freunden verbringt die Nacht in einem verfluchten Anwesen und stellt sich ihren dunkelsten Ängsten.
587,El Enigma Antiguo,Clara Blanca,Historical Fiction,1979,Ein altes Rätsel wird enthüllt und verändert den Lauf der Geschichte.
588,El Río Místico,Eleonor Verde,Fantasy,1978,Ein junges Mädchen entdeckt einen mystischen Fluss der Wünsche erfüllt.
589,La Odisea del Viajero del Tiempo,Benjamín Gris,Science Fiction,1977,Ein Zeitreisender begibt sich auf eine Odyssee durch die Zeit um die Vergangenheit zu ändern.
590,El Guardián Silencioso,Sofía Piedra,Mystery,1976,Ein Detektiv löst einen Mordfall mit Hilfe eines stillen Wächters.
791,The Whispering Shadows,Alice Green,Mystery,2020,A detective uncovers a series of murders linked to an ancient curse in a small coastal town.
792,L'Alba Galattica,Benjamin Smith,Science Fiction,2019,Il primo viaggio interstellare dell'umanità porta alla scoperta di una civiltà aliena sull'orlo dell'estinzione.
793,Ecos del Pasado,Catherine White,Historical Fiction,2018,Una joven arqueóloga desentraña los secretos de una civilización perdida mientras lucha con el pasado oculto de su propia familia.
794,Der Verzauberte Wald,David Brown,Fantasy,2021,"Eine Gruppe von Kindern stolpert über einen magischen Wald, in dem mythische Kreaturen ihnen helfen, ihre Ängste zu überwinden."
795,Sinfonía de Medianoche,Emma Black,Romance,2022,Un renombrado pianista y un compositor en apuros encuentran amor e inspiración en la compañía del otro.
796,La Marée Cramoisie,Frank Davis,Adventure,2017,Un capitaine pirate audacieux et son équipage entreprennent un voyage périlleux pour trouver un trésor légendaire.
797,Sogni Infranti,Grace Johnson,Drama,2023,L'ascesa alla fama di una giovane attrice è minacciata da un oscuro segreto del suo passato.
798,La Mansión Embrujada,Henry Clark,Horror,2016,Una familia se muda a una vieja mansión sin saber de la siniestra presencia que acecha dentro de sus paredes.
799,Das Dilemma des Zeitreisenden,Isabella Lee,Science Fiction,2024,"Ein Zeitreisender muss entscheiden, ob er die Zukunft oder die Vergangenheit retten will, wenn er vor einem moralischen Dilemma steht."
800,Il Regno Perduto,Jack Wilson,Fantasy,2015,"Un giovane principe intraprende una ricerca per recuperare il suo regno perduto, affrontando pericoli e scoprendo nuovi alleati."
801,The Hidden Treasure,Jane Adams,Adventure,2014,A group of friends embark on a treasure hunt that leads them to uncover a hidden pirate treasure.
802,La Città Sommersa,John Brown,Science Fiction,2013,"Una città sottomarina viene scoperta da un gruppo di scienziati, rivelando segreti di una civiltà avanzata."
803,El Sueño de la Sirena,Karen Davis,Fantasy,2012,Una sirena si innamora di un marinaio e deve scegliere tra il suo mondo sottomarino e il mondo umano.
804,Der Schatten des Vampirs,Linda Evans,Horror,2011,Ein Vampirjäger verfolgt einen mächtigen Vampir durch die Straßen einer dunklen Stadt.
805,L'Amour Éternel,Michael Green,Romance,2010,"Un amour éternel naît entre un vampire et une humaine, défiant les lois de la nature et du temps."
806,The Forgotten Island,Nancy White,Adventure,2009,A group of explorers discover a forgotten island with ancient ruins and hidden treasures.
807,Il Segreto del Castello,Oliver Black,Mystery,2008,Un castello abbandonato nasconde un segreto oscuro che un gruppo di amici deve svelare.
808,La Melodía del Corazón,Patricia Brown,Romance,2007,Una melodía misteriosa une a dos personas que estaban destinadas a encontrarse.
809,Der Fluch des Pharaos,Quentin Davis,Adventure,2006,Un arqueólogo descubre una tumba maldita y debe enfrentarse a la maldición del faraón.
810,El Viaje del Tiempo,Rachel Evans,Science Fiction,2005,Un científico inventa una máquina del tiempo y viaja al pasado para cambiar el curso de la historia.
891,The Lost Kingdom,Jane Smith,English,Fantasy,A young hero embarks on a quest to find a lost kingdom hidden deep within a magical forest.
892,Il Mistero di Venezia,Mario Rossi,Italian,Mystery,Un detective veneziano scopre un antico segreto nascosto nei canali della città.
893,Die Geheimnisse des Waldes,Hans Müller,German,Adventure,Ein Abenteurer entdeckt die Geheimnisse eines verzauberten Waldes und kämpft gegen dunkle Mächte.
894,El Sueño de la Sirena,Carlos García,Spanish,Romance,Una joven sirena se enamora de un marinero y debe enfrentar las consecuencias de su amor prohibido.
895,Le Secret de la Tour,Marie Dupont,French,Historical,Une jeune femme découvre un ancien secret caché dans une tour médiévale et doit protéger son héritage.
896,The Whispering Shadows,Emily Johnson,English,Horror,A group of friends uncover a dark presence in an abandoned mansion that whispers their deepest fears.
897,Il Viaggio nel Tempo,Giovanni Bianchi,Italian,Science Fiction,Un gruppo di scienziati viaggia nel tempo per salvare il futuro dell'umanità.
898,Die Legende des Drachen,Anna Schmidt,German,Fantasy,Ein junger Drachenreiter muss die Welt vor einer dunklen Bedrohung retten.
899,El Enigma del Faro,Laura Pérez,Spanish,Mystery,Un detective investiga una serie de misteriosas desapariciones en un antiguo faro.
911,The Whispering Pebbles,Alice Green,English,Fantasy,"In a world where pebbles whisper ancient secrets, a young girl must decipher their messages to save her village from a looming darkness."
